tolerancia,n_poses,Q_stat,df,p_value
e2,3000,1093.4298176050754,3,9.693131237681577e-237
e3,3000,2875.0478422498786,3,0.0
